ID,ADDRESS
550,McLean Metro
551,Trinidad Rec Center
552,Rosedale Rec Center
553,11th & C St SE
554,New Hampshire & Gallatin St NW
555,United Medical Center
556,18th & New Hampshire Ave NW
560,Dunn Loring Metro
561,Oglethorpe St & 42nd Ave
562,Southern Ave Metro
563,Queens Chapel & Hamilton St
564,Northwestern High School
565,New Hampshire Ave & East-West Hwy
566,Rhode Island Ave & 39th St / Brentwood Arts Exchange
567,Riggs Rd & East West Hwy
568,Tanger Outlets
569,Chillum Rd & Riggs Rd / Riggs Plaza
570,Hyattsville Library / Adelphi Rd & Toledo Rd
571,George Mason High School / Haycock Rd & Leesburg Pike
572,State Theatre / Park Pl & N Washington St
573,N Oak St & W Broad St
574,Pennsylvania Ave & Park Ave
575,E Fairfax St & S Washington St
576,N Roosevelt St & Roosevelt Blvd
577,W Broad St & Little Falls St
578,S Maple Ave & S Washington St
579,Falls Church City Hall / Park Ave & Little Falls St
580,W Columbia St & N Washington St
581,West Falls Church Metro
582,Jones Branch Drive & Scotts Crossing Rd
583,Georgia Ave & Morton St NW
584,Merrilee Dr & Lauren Elizabeth Lane
585,Merrifield Cinema & Merrifield Town Center
586,Rhode Island & Montana Ave NE
587,7th & S St NW
588,North Capitol & R St NE
589,17th & Upshur St NW
591,14th & Otis Pl NW
592,John McCormack Rd NE
593,West Hyattsville Metro
594,Capitol Heights Metro
595,Prince George's Plaza Metro
596,Riverdale Park Town Center
597,The Mall at Prince Georges
598,Wheaton Library & Community Rec Center
599,Edgewood Rec Center
601,8th & K St NE
602,Kingman Island/The Fields at RFK
603,Kenilworth Terrace & Hayes St. NE
604,National Harbor Carousel
605,Valley Ave & Wheeler Rd SE
606,Ridge Rd Community Center
607,Fort Stanton Rec Center
608,Reservoir Rd & 38th St NW
1,Eads St & 15th St S
2,18th St & S Eads St
3,Crystal Dr & 20th St S
4,Crystal Dr & 15th St S
5,Aurora Hills Cmty Ctr / 18th St & S Hayes St
6,Pentagon City Metro / 12th St & S Hayes St
7,Army Navy Dr & S Joyce St
8,Crystal City Metro / 18th St & S Bell St
10,Crystal Dr & 27th St S
11,S Glebe Rd & Potomac Ave
12,Crystal Dr & 23rd St S
13,Clark St & 26th St S
14,19th St & Pennsylvania Ave NW
15,14th & V St NW
16,11th & Kenyon St NW
17,16th & Harvard St NW
18,Adams Mill & Columbia Rd NW
19,14th & Harvard St NW
20,Calvert & Biltmore St NW
21,Lamont & Mt Pleasant NW
22,4th & M St SW
23,15th & P St NW
24,14th & R St NW
25,14th & Rhode Island Ave NW
26,20th & E St NW
27,21st & I St NW
28,Georgia & New Hampshire Ave NW
29,14th St & Spring Rd NW
30,John McCormack Dr & Michigan Ave NE
31,5th & K St NW
32,19th & East Capitol St SE
33,Park Rd & Holmead Pl NW
34,Good Hope & Naylor Rd SE
35,Connecticut Ave & Newark St NW / Cleveland Park
36,Randle Circle & Minnesota Ave SE
37,Minnesota Ave Metro/DOES
182,GMU / Fairfax Dr & Kenmore St
183,Gallaudet / 8th St & Florida Ave NE
185,20th & L St NW
186,12th & L St NW
187,21st St & Pennsylvania Ave NW
188,19th & K St NW
189,Prince St & Union St
190,Market Square / King St & Royal St
191,Saint Asaph St & Pendleton  St
192,King St & Patrick St
193,15th & K St NW
194,Commerce St & Fayette St
195,Henry St & Pendleton St
196,Braddock Rd Metro
197,King St Metro South
198,24th & N St NW
199,10th & E St NW
200,22nd & I St NW / Foggy Bottom
201,Utah St & 11th St N
202,Barton St & 10th St N
203,Arlington Blvd & N Queen St
204,Lincoln Memorial
206,20th St & Virginia Ave NW
207,5th St & Massachusetts Ave NW
208,39th & Veazey St NW
209,Fessenden St & Wisconsin Ave NW
210,3rd & M St NE
211,Columbia Pike & S Courthouse Rd
212,Walter Reed Dr & 16th St S
213,28th St & S Meade St
214,18th St & Wyoming Ave NW
215,5th & Kennedy St NW
216,Georgia Ave & Emerson St NW
217,14th & Upshur St NW
218,14th St & Colorado Ave NW
219,Troy St & 26th St S
220,Four Mile Run Dr & S Shirlington Rd
221,Columbia Pike & S Oakland St
222,Four Mile Run Dr & S Walter Reed Dr
223,S Arlington Mill Dr & Campbell Ave
224,Kenmore St & 24th St S
225,13th St & Eastern Ave
226,Wisconsin Ave & O St NW
227,Roosevelt Island
228,Connecticut & Nebraska Ave NW
229,17th St & Massachusetts Ave NW
230,15th & Euclid St  NW
231,8th & East Capitol St NE
232,New Jersey Ave & R St NW
233,15th & East Capitol St NE
234,8th & F St NE
235,18th St & Rhode Island Ave NE
236,15th & F St NE
237,12th & Irving St NE
239,Alabama & MLK Ave SE
240,Pleasant St & MLK Ave SE
241,Neal St & Trinidad Ave NE
242,12th & U St NW
243,S George Mason & Four Mile Run Dr
244,Gravelly Point
245,Pershing Dr & Wayne St
246,Columbia Pike & S Orme St
247,3rd St & Pennsylvania Ave SE
248,8th & D St NW
249,3rd & Elm St NW
250,Rhode Island Ave & V St NE
251,Constitution Ave & 2nd St NW/DOL
252,Washington & Independence Ave SW/HHS
253,Independence Ave & L'Enfant Plaza SW/DOE
254,Hamlin & 7th St NE
255,Columbia Pike & S Walter Reed Dr
256,Arlington Mill Cmty Center / Columbia Pike & S Dinwiddie St
257,Pershing Dr & N George Mason Dr
258,Fenton St & New York Ave
259,Bethesda Ave & Arlington Rd
260,Montgomery Ave & Waverly St
261,Fallsgrove Blvd & Fallsgrove Dr
262,Traville Gateway Dr & Gudelsky Dr
38,Nannie Helen Burroughs & Minnesota Ave NE
39,Anacostia Metro
40,Good Hope Rd & MLK Ave SE
41,19th & E Street NW
42,4th & W St NE
43,10th & U St NW
44,Georgia Ave and Fairmont St NW
45,1st & N St  SE
46,20th St & Florida Ave NW
47,7th & T St NW
48,Eads St & 22nd St S
49,M St & New Jersey Ave SE
51,Massachusetts Ave & Dupont Circle NW
52,1st & M St NE
53,21st & M St NW
54,17th & K St NW
55,3rd & H St NW
56,3rd & D St SE
57,Potomac & Pennsylvania Ave SE
58,13th & E St SE
59,17th & Corcoran St NW
60,Van Ness Metro / UDC
61,Florida Ave & R St NW
62,8th & Eye St SE / Barracks Row
63,Ward Circle / American University
64,Wisconsin Ave & Newark St NW
65,14th St Heights / 14th & Crittenden St NW
66,Anacostia Library
67,Pennsylvania & Minnesota Ave SE
68,Eastern Market / 7th & North Carolina Ave SE
69,14th St & New York Ave NW
70,Benning Branch Library
71,USDA / 12th & C St SW
72,Georgetown Harbor / 30th St NW
73,12th & Newton St NE
74,US Dept of State / Virginia Ave & 21st St NW
75,L'Enfant Plaza / 7th & C St SW
76,10th St & Constitution Ave NW
77,Kennedy Center
78,Eastern Market Metro / Pennsylvania Ave & 7th St SE
79,18th & M St NW
80,Tenleytown / Wisconsin Ave & Albemarle St NW
81,13th & H St NE
82,5th & F St NW
83,New York Ave & 15th St NW
84,Convention Center / 7th & M St NW
85,Harvard St & Adams Mill Rd NW
86,18th & L St NW
87,C & O Canal & Wisconsin Ave NW
88,Maine Ave & 7th St SW
89,D St & Maryland Ave NE
90,34th St & Wisconsin Ave NW
91,13th St & New York Ave NW
92,8th & H St NW
93,10th & Monroe St NE
94,Eckington Pl & Q St NE
95,6th & H St NE
96,3rd & H St NE
97,Bladensburg Rd & Benning Rd NE
98,4th & East Capitol St NE
99,Lincoln Park / 13th & East Capitol St NE
100,Branch & Pennsylvania Ave SE
101,13th & D St NE
102,New Hampshire Ave & T St NW
103,Metro Center / 12th & G St NW
104,14th & D St NW / Ronald Reagan Building
105,7th & F St NW / National Portrait Gallery
106,17th & K St NW / Farragut Square
107,20th & O St NW / Dupont South
108,4th & D St NW / Judiciary Square
109,19th St & Constitution Ave NW
110,37th & O St NW / Georgetown University
111,11th & H St NE
112,25th St & Pennsylvania Ave NW
113,Columbus Circle / Union Station
114,North Capitol St & F St NW
115,11th & M St NW
116,36th & Calvert St NW / Glover Park
117,14th & G St NW
118,Potomac Ave & 35th St S
124,Ohio Dr & West Basin Dr SW / MLK & FDR Memorials
125,11th & F St NW
126,23rd & E St NW
127,Lynn St & 19th St North
128,Rosslyn Metro / Wilson Blvd & Ft Myer Dr
129,Clarendon Blvd & Pierce St
130,Wilson Blvd & N Uhle St
131,Rhodes St & 16th St N
132,Fairfax Village
133,21st St & Constitution Ave NW
134,Wilson Blvd & N Edgewood St
135,Columbia Rd & Belmont St NW
136,Rhode Island & Connecticut Ave NW
137,Thomas Circle
138,Wilson Blvd & N Franklin Rd
139,Clarendon Blvd & N Fillmore St
140,Clarendon Metro / Wilson Blvd & N Highland St
141,18th St & Pennsylvania Ave NW
142,4th & C St SW
143,4th & E St SW
144,3rd & G St SE
145,7th & R St NW / Shaw Library
146,9th & Upshur St NW
147,1st & Rhode Island Ave NW
148,Columbia Rd & Georgia Ave NW
149,California St & Florida Ave NW
150,Benning Rd & East Capitol St NE / Benning Rd Metro
151,3000 Connecticut Ave NW / National Zoo
152,Anacostia Ave & Benning Rd NE / River Terrace
153,M St & Pennsylvania Ave NW
154,15th St & Massachusetts Ave SE
155,Congress Heights Metro
156,N Quincy St & Glebe Rd
157,Barcroft Community Center
158,N Veitch St & 20th St N
159,10th & K St NW
160,Fairfax Dr & Wilson Blvd
161,Key Blvd & N Quinn St
162,1st & K St SE
163,39th & Calvert St NW / Stoddert
164,1st & Washington Hospital Center NW
165,Virginia Square Metro / Monroe St & 9th St N
166,Central Library / Quincy St & 10th St N
167,Washington Blvd & 10th St N
168,Jefferson Dr & 14th St SW
169,Smithsonian-National Mall / Jefferson Dr & 12th St SW
170,George Mason Dr & Wilson Blvd
171,6th St & Indiana Ave NW
172,N Veitch St & Key Blvd
173,Lee Hwy & N Adams St
174,15th St & N Scott St
175,Washington Blvd & 7th St N
176,Ballston Metro / Stuart St & 9th St N
177,Fairfax Dr & N Randolph St
178,Jefferson Memorial
179,Good Hope Rd & 14th St SE
180,Glebe Rd & 11th St N
181,Wilson Blvd & N Quincy St
263,Norfolk Ave & Fairmont St
264,E Montgomery Ave & Maryland Ave
265,Cordell & Norfolk Ave
266,Frederick Ave & Horners Ln
267,Philadelphia & Maple Ave
268,Maple & Ritchie Ave
269,Silver Spring Metro / Colesville Rd & Wayne Ave
270,Montgomery & East Ln
271,Friendship Hts Metro / Wisconsin Ave & Wisconsin Cir
272,14th & Belmont St NW
273,3rd & Tingey St SE
274,10th & Florida Ave NW
275,Potomac Ave & 8th St SE
276,Crabbs Branch Way & Redland Rd
277,Fallsgrove Dr & W Montgomery Ave
278,Monroe St & Monroe Pl
279,Needwood Rd & Eagles Head Ct
280,East West Hwy & Blair Mill Rd
281,Crabbs Branch Way & Calhoun Pl
282,47th & Elm St
283,Dennis Ave & Amherst Ave
284,Montgomery College / W Campus Dr & Mannakee St
285,Fenton St & Gist Ave
286,Carroll & Westmoreland Ave
287,Carroll & Ethan Allen Ave
288,Battery Ln & Trolley Trail
289,Norfolk & Rugby Ave
290,Offutt Ln & Chevy Chase Dr
291,Broschart & Blackwell Rd
293,Fleet St & Ritchie Pkwy
294,Piccard & W Gude Dr
295,Silver Spring Transit Center - Top Level
296,Georgia Ave & Spring St
297,Fenton St & Ellsworth Dr
298,King Farm Blvd & Pleasant Dr
299,King Farm Blvd & Piccard Dr
301,Calvert St & Woodley Pl NW
302,New Jersey Ave & N St NW/Dunbar HS
303,Nannie Helen Burroughs Ave & 49th St NE
304,Deanwood Rec Center
305,Hains Point/Buckeye & Ohio Dr SW
306,Arlington Blvd & Fillmore St
307,Eads St & 12th St S
308,Old Georgetown Rd & Southwick St
309,Friendship Blvd & Willard Ave
310,North Capitol St & G Pl NE
311,31st St & S Woodrow St
312,Washington Blvd & Walter Reed Dr
313,TJ Cmty Ctr / 2nd St & S Old Glebe Rd
314,Connecticut Ave & Tilden St NW
315,Medical Center Dr & Key West Ave
316,Shady Grove Hospital
317,Veterans Pl & Pershing Dr
318,Rockville Metro East
319,1st & H St NW
320,Fort Totten Metro
321,Takoma Metro
322,Rhode Island Ave Metro
323,Rolfe St & 9th St S
324,Shirlington Transit Center / Quincy St & Randolph St
325,Shady Grove Metro West
326,River Rd & Landy Ln
327,Rockville Metro West
328,Bethesda Metro / Wisconsin Ave & Old Georgetown Rd
329,Iwo Jima Memorial / Meade & 14th St N
330,34th & Water St NW
331,Duke St & John Carlyle St
332,Lee Hwy & N Cleveland St
333,Arlington Blvd & S George Mason Dr
334,10th & G St NW
335,Lee Hwy & N Scott St
336,New Hampshire Ave & 24th St NW
337,Eisenhower Ave & Mill Race Ln
338,Potomac Greens Dr & Slaters Ln
339,Ballenger Ave & Dulaney St
340,Mount Vernon Ave & E Nelson Ave
341,Mount Vernon Ave & E Del Ray Ave
342,Monroe Ave & Leslie Ave
343,Mount Vernon Ave & Kennedy St
344,Court House Metro / 15th St & N Uhle St
345,WAU / Flower Ave & Division St
346,Long Bridge Park / Long Bridge Dr & 6th St S
347,Connecticut Ave & McKinley St NW
348,15th & L St NW
349,17th & G St NW
350,Spring St & 2nd Ave
351,18th & R St NW
352,Joyce St & 16th St S
353,Union Market
354,Lee Hwy & N Monroe St
355,21st St & N Pierce St
356,Lee Hwy & N Kirkwood Rd
357,19th & G St NW
358,2nd St & Seaton Pl NE
359,Wilson Blvd & N Illinois St
364,Army Navy Dr & S Nash St
365,31st & Water St NW
367,11th & S St NW
368,Walter Reed Dr & 8th St S
369,2nd & G St NE
370,8th & O St NW
371,Georgia & Missouri Ave NW
373,Oklahoma Ave & D St NE
374,Maryland Ave & E St NE
375,New York Ave & Hecht Ave NE
376,Yuma St & Tenley Circle NW
378,Key West Ave & Siesta Key Way
379,Lee Hwy & N Woodstock St
380,Saint Asaph St & Madison St
381,King St Metro North / Cameron St
382,Madison St & N Henry St
383,Medical Center Metro
384,Washington Blvd & N Frederick St
385,Wisconsin Ave & Ingomar St NW
386,16th & Irving St NW
387,16th & R St NW
388,Lyttonsville Rd & Lyttonsville Pl
389,Woodmont Ave & Strathmore St
390,14th & L St NW
391,1st & O St NW
392,South Capitol & Atlantic St SW
393,18th & C St NW
394,22nd & P ST NW
395,East West Hwy & 16th St
396,Royal St & Wilkes St
397,14th & Girard St NW
398,Potomac Ave & Main Line Blvd
399,11th & O St NW
400,10th St & L'Enfant Plaza SW
401,Connecticut Ave & Yuma St NW
402,2nd St & Massachusetts Ave NE
403,Radford St & Osage St
404,East Falls Church Metro / Sycamore St & 19th St N
405,Kennebec St & 11th St N
406,Commonwealth Ave & Oak St
407,Commonwealth Ave & E Monroe Ave
408,4th St & Madison Dr NW
409,Henry Bacon Dr & Lincoln Memorial Circle NW
410,17th St & Independence Ave SW
411,Franklin St & S Washington St
412,Mount Vernon Ave & Four Mile Run Park
413,4th St & K St NW
414,Mount Vernon Ave & Bruce St
415,Lee Center
416,Powhatan St & Bashford Ln
417,Potomac Ave & Swann Ave
418,14th & Irving St NW
419,Vermont Ave & I St NW
420,Wisconsin Ave & Brandywine St NW
421,24th & R St NE / National Arboretum
422,Division Ave & Foote St NE
423,16th & Q St SE / Anacostia HS
424,Spring Hill Metro
425,Westpark Dr & Leesburg Pike
427,Tysons One Pl & Chain Bridge Rd
428,Tysons Corner Station
429,Westpark & Jones Branch Dr
430,Jones Branch & Westbranch Dr
431,Westpark & Park Run Dr
432,Tysons West Transit Center
433,North Shore & Cameron Crescent Dr/Crescent Apartments
434,Town Center Pkwy & Bowman Towne Dr
435,Reston Regional Library
436,New Dominion Pkwy & Fountain Dr
437,Sunset Hills & Old Reston Ave
438,Reston Town Center Transit Station
439,1st & D St SE
440,Wiehle Ave & Reston Station Blvd
441,Library St & Freedom Dr
442,Sunset Hills Rd & Discovery Square
443,22nd St & Constitution Ave NW
444,61st St & Banks Pl NE
445,Temporary Rd & Old Reston Ave
446,Reston YMCA
447,Sunset Hills Rd & Isaac Newton Square
448,N Lynn St & Fairfax Dr
449,Georgia Ave & Piney Branch Rd NW
450,Greensboro & International Dr
451,Madison St & Fairfax St
452,Sligo Ave & Carroll Ln
453,15th & W St NW
454,12th St & Pennsylvania Ave SE
455,3rd St & Riggs Rd NE
469,3rd & Underwood St NW
470,18th & Monroe St NE
471,7th & E St SW
472,Shady Grove Metro East
473,Potomac & M St NW
474,Columbia & Ontario Rd NW
475,Washington-Liberty High School / N Stafford St & Generals Way
476,Westover Library / Washington Blvd & N McKinley Rd
477,Columbia Pike & S Taylor St
478,Columbus Ave & Tribeca St
479,Columbus Ave & Gramercy Blvd
480,Reston Pkwy & Spectrum Dr
481,Key West Ave & Great Seneca Hwy
482,Virginia Ave & 25th St NW
483,15th & M St NW
484,11th & Girard St NW
485,Connecticut Ave & R St NW
486,Wilson Blvd & N Troy St
487,American University East Campus
488,15th St & Constitution Ave NW
489,22nd & H St NW
490,23rd & M St NW
491,Corporate Blvd & Omega Dr
492,Key West Ave & Diamondback Dr
493,Alabama Ave & Stanton Rd SE / Shops at Park Village
494,Mississippi Ave & 19th St SE / THEARC
495,19th & Savannah St SE
496,4th St & Mississippi Ave SE
497,1st & S Capitol St SE / Oxon Run Trail
498,Livingston Rd & 3rd St SE
499,Joliet St & MLK Ave SW/Bald Eagle Rec Ctr
456,Carlin Springs Rd & N Thomas St
457,Towers Crescent Dr & Tysons One Pl
458,6th & K St NE
459,Pooks Hill Rd & Linden Ave
460,Takoma Park Rec Center
461,New Hampshire & Kirklynn Ave
462,Wheaton Metro / Georgia Ave & Reedie Dr
463,Amherst Ave & Elkins St
464,Amherst Ave & Prichard Rd
465,Grandview & Blueridge Ave
466,Windham Ln & Amherst Ave
467,North Shore Dr & Village Rd
468,Town Center Pkwy & Sunset Hills Rd
500,37th & Ely Pl SE
501,15th St & Pennsylvania Ave NW
505,Maine Ave & 9th St SW
506,Lincoln Rd & Seaton Pl NE/Harry Thomas Rec Center
507,Blueridge Ave & Elkin St
508,Georgia Ave & Kennedy St NW
509,7th St & Massachusetts Ave NE
510,Anacostia Park
511,Twinbrook Metro
512,White Flint Metro
513,Citadel Ave & McGrath Blvd
514,Rockville Pike & Old Georgetown Rd
515,Woodglen Dr & Executive Blvd
516,Executive Blvd & E Jefferson St
517,Fishers Ln & Rock Creek Mill Rd
518,Congressional Ln & E Jefferson St
519,Garland Ave & Walden Rd
520,Greensboro & Pinnacle Dr
521,1301 McCormick Dr / Wayne K. Curry Admin Bldg
522,Largo Town Center Metro
523,Baltimore Ave & Van Buren St / Riverdale Park Station
524,Baltimore Ave & Jefferson St
525,Perry & 35th St
526,Rockville Pike & Meeting St
527,Potomac Ave & Half St SW
529,Crystal Dr & Potomac Ave
530,Largo Rd & Campus Way / Prince Georges's Comm Col
531,Stanton Square SE
532,14th & Newton St NW
533,48th Pl & MacArthur Blvd NW
534,14th & Luzon St NW
535,1st & M St SE
536,Fleet St & Waterfront St
537,Oxon Hill Park & Ride
538,11th & Park Rd NW
539,4th & M St SE
540,Kansas Ave & Sherman Cr NW
541,Campus Commons
542,Park Run & Onyx Dr
543,7th & K St NW
544,King Greenleaf Rec Center
545,Montello Ave & Holbrook Terr NE
546,New Jersey Ave & F St NW
547,Maryland Ave & 17th St NE
548,Massachusetts Ave & 6th St NE
549,Woodley Park Metro / Calvert St & Connecticut Ave NW